<!--
  ~  Licensed to the Apache Software Foundation (ASF) under one
  ~  or more contributor license agreements.  See the NOTICE file
  ~  distributed with this work for additional information
  ~  regarding copyright ownership.  The ASF licenses this file
  ~  to you under the Apache License, Version 2.0 (the
  ~  "License"); you may not use this file except in compliance
  ~  with the License.  You may obtain a copy of the License at
  ~
  ~   http://www.apache.org/licenses/LICENSE-2.0
  ~
  ~  Unless required by applicable law or agreed to in writing,
  ~  software distributed under the License is distributed on an
  ~   * "AS IS" BASIS, WITHOUT WARRANTIES OR CONDITIONS OF ANY
  ~  KIND, either express or implied.  See the License for the
  ~  specific language governing permissions and limitations
  ~  under the License.
  -->
<!-- demonstrate JMS pure text, binary and POX message support -->
<definitions xmlns="http://ws.apache.org/ns/synapse">

    <sequence name="text_proxy">
        <header name="Action" value="urn:placeOrder"/>
        <script language="js"><![CDATA[
            var args = mc.getPayloadXML().toString().split(" ");
            mc.setPayloadXML(
            <m:placeOrder xmlns:m="http://services.samples/xsd">
                <m:order>
                    <m:price>{args[0]}</m:price>
                    <m:quantity>{args[1]}</m:quantity>
                    <m:symbol>{args[2]}</m:symbol>
                </m:order>
            </m:placeOrder>);
        ]]></script>
        <send>
            <endpoint>
                <address uri="http://localhost:9000/soap/SimpleStockQuoteService"/>
            </endpoint>
        </send>
    </sequence>

    <sequence name="mtom_proxy">
        <header name="Action" value="urn:oneWayUploadUsingMTOM"/>
        <send>
            <endpoint>
                <address uri="http://localhost:9000/soap/MTOMSwASampleService" optimize="mtom"/>
            </endpoint>
        </send>
    </sequence>

    <sequence name="pox_proxy">
        <header name="Action" value="urn:placeOrder"/>
        <send>
            <endpoint>
                <address uri="http://localhost:9000/soap/SimpleStockQuoteService" format="soap"/>
            </endpoint>
        </send>
    </sequence>

	<sequence name="out">
		<send/>
	</sequence>

    <proxy name="JMSFileUploadProxy" transports="jms">
        <target inSequence="mtom_proxy" outSequence="out"/>
        <parameter name="transport.jms.Wrapper">{http://services.samples/xsd}element</parameter>
    </proxy>
    <proxy name="JMSTextProxy" transports="jms">
        <target inSequence="text_proxy" outSequence="out"/>
        <parameter name="transport.jms.Wrapper">{http://services.samples/xsd}text</parameter>
    </proxy>
    <proxy name="JMSPoxProxy" transports="jms">
        <target inSequence="pox_proxy" outSequence="out"/>
    </proxy>
</definitions>