<!-- introduction to error handling -->
<definitions xmlns="http://ws.apache.org/ns/synapse">

    <sequence name="myFaultHandler">
        <makefault>
            <code value="tns:Receiver" xmlns:tns="http://www.w3.org/2003/05/soap-envelope"/>
            <reason expression="get-property('ERROR_MESSAGE')"/>
        </makefault>

        <property name="RESPONSE" value="true"/>
        <header name="To" expression="get-property('ReplyTo')"/>
        <send/>
    </sequence>

    <sequence name="main" onError="myFaultHandler">
        <in>
            <switch source="//m0:getQuote/m0:request/m0:symbol"
                    xmlns:m0="http://services.samples/xsd">
                <case regex="MSFT">
                    <send>
                        <endpoint><address uri="http://bogus:9000/soap/NonExistentStockQuoteService"/></endpoint>
                    </send>
                </case>
                <case regex="SUN">
                    <send>
                        <endpoint><address uri="http://localhost:9009/soap/NonExistentStockQuoteService"/></endpoint>
                    </send>
                </case>
            </switch>
            <drop/>
        </in>

        <out>
            <send/>
        </out>
    </sequence>

</definitions>